year,access_pct,sao_density_median,surg_vol_median,pomr_median,fin_burden_median,cuds_median,total_pop,n_municipalities
2015,0.9504,104.645,388.1522,3.4483,0.0688,0.4082,204450049,5570
2016,0.9504,106.38,332.7869,3.5482,0.0645,0.4071,206081432,5570
2017,0.9504,113.51,391.6682,3.4483,0.0628,0.4005,207660929,5570
2018,0.9504,112.71,393.9407,3.5714,0.0623,0.4004,208494900,5570
2019,0.9504,115.235,401.6723,3.7037,0.0596,0.4034,210147125,5570
2020,0.9504,130.95,358.8358,4.8387,0.064,0.4085,211755692,5570
2021,0.9504,141.18,419.8502,4.2674,0.0542,0.4098,213317639,5570
2022,0.9504,151.32,454.5349,3.9365,0.0505,0.4128,214899649,5570
2023,0.9504,164.74,488.3342,3.8462,0.0472,0.4124,216483032,5570
